{"cameraMode":{"drawMode":0,"name":"Shaded","section":"Shading Mode"},"sceneLighting":false,"audioPlay":false,"sceneViewState":{"showFog":true,"showMaterialUpdate":false,"showSkybox":false,"showFlares":true,"showImageEffects":true,"showParticleSystems":true},"in2DMode":false,"pivot":{"x":-2.5000009536743166,"y":0.02673281729221344,"z":9.82870101928711},"rotation":{"x":-0.5796663165092468,"y":-0.0031904911156743767,"z":0.002246155636385083,"w":-0.8148691058158875},"size":2.0164616107940676,"orthographic":false}