{"cameraMode":{"drawMode":0,"name":"Shaded","section":"Shading Mode"},"sceneLighting":false,"audioPlay":false,"sceneViewState":{"showFog":true,"showMaterialUpdate":false,"showSkybox":true,"showFlares":true,"showImageEffects":true,"showParticleSystems":true},"in2DMode":false,"pivot":{"x":-1.649357795715332,"y":-4.047150611877441,"z":55.27239227294922},"rotation":{"x":-0.2777876555919647,"y":0.661038875579834,"z":-0.28949758410453799,"w":-0.6341981887817383},"size":33.608795166015628,"orthographic":false}